bundle_id,cohort,utt,speaker_id,duration_s,audio_wav,transcript_txt,param_file,onevoice_json
02M_BL1_w016_041,behavioral_heavy,02M-BL1-016A,02M_CHILD,5.016,ultrasuite/uxssd_core/02M/BL1/016A.wav,ultrasuite/uxssd_core/02M/BL1/016A.txt,ultrasuite/uxssd_core/02M/BL1/016A.param,ultrasuite/output/uxssd/02M/02M-BL1-016A.json
02M_BL1_w016_041,behavioral_heavy,02M-BL1-017A,02M_CHILD,3.344,ultrasuite/uxssd_core/02M/BL1/017A.wav,ultrasuite/uxssd_core/02M/BL1/017A.txt,ultrasuite/uxssd_core/02M/BL1/017A.param,ultrasuite/output/uxssd/02M/02M-BL1-017A.json
02M_BL1_w016_041,behavioral_heavy,02M-BL1-018A,02M_CHILD,5.016,ultrasuite/uxssd_core/02M/BL1/018A.wav,ultrasuite/uxssd_core/02M/BL1/018A.txt,ultrasuite/uxssd_core/02M/BL1/018A.param,ultrasuite/output/uxssd/02M/02M-BL1-018A.json
02M_BL1_w016_041,behavioral_heavy,02M-BL1-019A,02M_CHILD,4.458,ultrasuite/uxssd_core/02M/BL1/019A.wav,ultrasuite/uxssd_core/02M/BL1/019A.txt,ultrasuite/uxssd_core/02M/BL1/019A.param,ultrasuite/output/uxssd/02M/02M-BL1-019A.json
02M_BL1_w016_041,behavioral_heavy,02M-BL1-020A,02M_CHILD,3.901,ultrasuite/uxssd_core/02M/BL1/020A.wav,ultrasuite/uxssd_core/02M/BL1/020A.txt,ultrasuite/uxssd_core/02M/BL1/020A.param,ultrasuite/output/uxssd/02M/02M-BL1-020A.json
02M_BL1_w016_041,behavioral_heavy,02M-BL1-021A,02M_CHILD,4.458,ultrasuite/uxssd_core/02M/BL1/021A.wav,ultrasuite/uxssd_core/02M/BL1/021A.txt,ultrasuite/uxssd_core/02M/BL1/021A.param,ultrasuite/output/uxssd/02M/02M-BL1-021A.json
02M_BL1_w016_041,behavioral_heavy,02M-BL1-022A,02M_CHILD,3.344,ultrasuite/uxssd_core/02M/BL1/022A.wav,ultrasuite/uxssd_core/02M/BL1/022A.txt,ultrasuite/uxssd_core/02M/BL1/022A.param,ultrasuite/output/uxssd/02M/02M-BL1-022A.json
02M_BL1_w016_041,behavioral_heavy,02M-BL1-023A,02M_CHILD,4.458,ultrasuite/uxssd_core/02M/BL1/023A.wav,ultrasuite/uxssd_core/02M/BL1/023A.txt,ultrasuite/uxssd_core/02M/BL1/023A.param,ultrasuite/output/uxssd/02M/02M-BL1-023A.json
02M_BL1_w016_041,behavioral_heavy,02M-BL1-024A,02M_CHILD,4.458,ultrasuite/uxssd_core/02M/BL1/024A.wav,ultrasuite/uxssd_core/02M/BL1/024A.txt,ultrasuite/uxssd_core/02M/BL1/024A.param,ultrasuite/output/uxssd/02M/02M-BL1-024A.json
02M_BL1_w016_041,behavioral_heavy,02M-BL1-025A,02M_CHILD,3.344,ultrasuite/uxssd_core/02M/BL1/025A.wav,ultrasuite/uxssd_core/02M/BL1/025A.txt,ultrasuite/uxssd_core/02M/BL1/025A.param,ultrasuite/output/uxssd/02M/02M-BL1-025A.json
02M_BL1_w016_041,behavioral_heavy,02M-BL1-026A,02M_CHILD,5.573,ultrasuite/uxssd_core/02M/BL1/026A.wav,ultrasuite/uxssd_core/02M/BL1/026A.txt,ultrasuite/uxssd_core/02M/BL1/026A.param,ultrasuite/output/uxssd/02M/02M-BL1-026A.json
02M_BL1_w016_041,behavioral_heavy,02M-BL1-027A,02M_CHILD,4.458,ultrasuite/uxssd_core/02M/BL1/027A.wav,ultrasuite/uxssd_core/02M/BL1/027A.txt,ultrasuite/uxssd_core/02M/BL1/027A.param,ultrasuite/output/uxssd/02M/02M-BL1-027A.json
02M_BL1_w016_041,behavioral_heavy,02M-BL1-028A,02M_CHILD,5.573,ultrasuite/uxssd_core/02M/BL1/028A.wav,ultrasuite/uxssd_core/02M/BL1/028A.txt,ultrasuite/uxssd_core/02M/BL1/028A.param,ultrasuite/output/uxssd/02M/02M-BL1-028A.json
02M_BL1_w016_041,behavioral_heavy,02M-BL1-029C,02M_CHILD,7.245,ultrasuite/uxssd_core/02M/BL1/029C.wav,ultrasuite/uxssd_core/02M/BL1/029C.txt,ultrasuite/uxssd_core/02M/BL1/029C.param,ultrasuite/output/uxssd/02M/02M-BL1-029C.json
02M_BL1_w016_041,behavioral_heavy,02M-BL1-030C,02M_CHILD,6.130,ultrasuite/uxssd_core/02M/BL1/030C.wav,ultrasuite/uxssd_core/02M/BL1/030C.txt,ultrasuite/uxssd_core/02M/BL1/030C.param,ultrasuite/output/uxssd/02M/02M-BL1-030C.json
02M_BL1_w016_041,behavioral_heavy,02M-BL1-031C,02M_CHILD,6.130,ultrasuite/uxssd_core/02M/BL1/031C.wav,ultrasuite/uxssd_core/02M/BL1/031C.txt,ultrasuite/uxssd_core/02M/BL1/031C.param,ultrasuite/output/uxssd/02M/02M-BL1-031C.json
02M_BL1_w016_041,behavioral_heavy,02M-BL1-032C,02M_CHILD,5.016,ultrasuite/uxssd_core/02M/BL1/032C.wav,ultrasuite/uxssd_core/02M/BL1/032C.txt,ultrasuite/uxssd_core/02M/BL1/032C.param,ultrasuite/output/uxssd/02M/02M-BL1-032C.json
02M_BL1_w016_041,behavioral_heavy,02M-BL1-033A,02M_CHILD,3.901,ultrasuite/uxssd_core/02M/BL1/033A.wav,ultrasuite/uxssd_core/02M/BL1/033A.txt,ultrasuite/uxssd_core/02M/BL1/033A.param,ultrasuite/output/uxssd/02M/02M-BL1-033A.json
02M_BL1_w016_041,behavioral_heavy,02M-BL1-034A,02M_CHILD,2.229,ultrasuite/uxssd_core/02M/BL1/034A.wav,ultrasuite/uxssd_core/02M/BL1/034A.txt,ultrasuite/uxssd_core/02M/BL1/034A.param,ultrasuite/output/uxssd/02M/02M-BL1-034A.json
02M_BL1_w016_041,behavioral_heavy,02M-BL1-035A,02M_CHILD,5.016,ultrasuite/uxssd_core/02M/BL1/035A.wav,ultrasuite/uxssd_core/02M/BL1/035A.txt,ultrasuite/uxssd_core/02M/BL1/035A.param,ultrasuite/output/uxssd/02M/02M-BL1-035A.json
02M_BL1_w016_041,behavioral_heavy,02M-BL1-036A,02M_CHILD,4.458,ultrasuite/uxssd_core/02M/BL1/036A.wav,ultrasuite/uxssd_core/02M/BL1/036A.txt,ultrasuite/uxssd_core/02M/BL1/036A.param,ultrasuite/output/uxssd/02M/02M-BL1-036A.json
02M_BL1_w016_041,behavioral_heavy,02M-BL1-037A,02M_CHILD,4.458,ultrasuite/uxssd_core/02M/BL1/037A.wav,ultrasuite/uxssd_core/02M/BL1/037A.txt,ultrasuite/uxssd_core/02M/BL1/037A.param,ultrasuite/output/uxssd/02M/02M-BL1-037A.json
02M_BL1_w016_041,behavioral_heavy,02M-BL1-038A,02M_CHILD,5.573,ultrasuite/uxssd_core/02M/BL1/038A.wav,ultrasuite/uxssd_core/02M/BL1/038A.txt,ultrasuite/uxssd_core/02M/BL1/038A.param,ultrasuite/output/uxssd/02M/02M-BL1-038A.json
02M_BL1_w016_041,behavioral_heavy,02M-BL1-039A,02M_CHILD,5.016,ultrasuite/uxssd_core/02M/BL1/039A.wav,ultrasuite/uxssd_core/02M/BL1/039A.txt,ultrasuite/uxssd_core/02M/BL1/039A.param,ultrasuite/output/uxssd/02M/02M-BL1-039A.json
02M_BL1_w016_041,behavioral_heavy,02M-BL1-040A,02M_CHILD,3.901,ultrasuite/uxssd_core/02M/BL1/040A.wav,ultrasuite/uxssd_core/02M/BL1/040A.txt,ultrasuite/uxssd_core/02M/BL1/040A.param,ultrasuite/output/uxssd/02M/02M-BL1-040A.json
02M_BL1_w016_041,behavioral_heavy,02M-BL1-041A,02M_CHILD,4.458,ultrasuite/uxssd_core/02M/BL1/041A.wav,ultrasuite/uxssd_core/02M/BL1/041A.txt,ultrasuite/uxssd_core/02M/BL1/041A.param,ultrasuite/output/uxssd/02M/02M-BL1-041A.json
02M_BL1_w040_072,mispronunciation_heavy,02M-BL1-040A,02M_CHILD,3.901,ultrasuite/uxssd_core/02M/BL1/040A.wav,ultrasuite/uxssd_core/02M/BL1/040A.txt,ultrasuite/uxssd_core/02M/BL1/040A.param,ultrasuite/output/uxssd/02M/02M-BL1-040A.json
02M_BL1_w040_072,mispronunciation_heavy,02M-BL1-041A,02M_CHILD,4.458,ultrasuite/uxssd_core/02M/BL1/041A.wav,ultrasuite/uxssd_core/02M/BL1/041A.txt,ultrasuite/uxssd_core/02M/BL1/041A.param,ultrasuite/output/uxssd/02M/02M-BL1-041A.json
02M_BL1_w040_072,mispronunciation_heavy,02M-BL1-042A,02M_CHILD,3.344,ultrasuite/uxssd_core/02M/BL1/042A.wav,ultrasuite/uxssd_core/02M/BL1/042A.txt,ultrasuite/uxssd_core/02M/BL1/042A.param,ultrasuite/output/uxssd/02M/02M-BL1-042A.json
02M_BL1_w040_072,mispronunciation_heavy,02M-BL1-043A,02M_CHILD,4.458,ultrasuite/uxssd_core/02M/BL1/043A.wav,ultrasuite/uxssd_core/02M/BL1/043A.txt,ultrasuite/uxssd_core/02M/BL1/043A.param,ultrasuite/output/uxssd/02M/02M-BL1-043A.json
02M_BL1_w040_072,mispronunciation_heavy,02M-BL1-044A,02M_CHILD,4.458,ultrasuite/uxssd_core/02M/BL1/044A.wav,ultrasuite/uxssd_core/02M/BL1/044A.txt,ultrasuite/uxssd_core/02M/BL1/044A.param,ultrasuite/output/uxssd/02M/02M-BL1-044A.json
02M_BL1_w040_072,mispronunciation_heavy,02M-BL1-045A,02M_CHILD,4.458,ultrasuite/uxssd_core/02M/BL1/045A.wav,ultrasuite/uxssd_core/02M/BL1/045A.txt,ultrasuite/uxssd_core/02M/BL1/045A.param,ultrasuite/output/uxssd/02M/02M-BL1-045A.json
02M_BL1_w040_072,mispronunciation_heavy,02M-BL1-046C,02M_CHILD,5.016,ultrasuite/uxssd_core/02M/BL1/046C.wav,ultrasuite/uxssd_core/02M/BL1/046C.txt,ultrasuite/uxssd_core/02M/BL1/046C.param,ultrasuite/output/uxssd/02M/02M-BL1-046C.json
02M_BL1_w040_072,mispronunciation_heavy,02M-BL1-047C,02M_CHILD,5.016,ultrasuite/uxssd_core/02M/BL1/047C.wav,ultrasuite/uxssd_core/02M/BL1/047C.txt,ultrasuite/uxssd_core/02M/BL1/047C.param,ultrasuite/output/uxssd/02M/02M-BL1-047C.json
02M_BL1_w040_072,mispronunciation_heavy,02M-BL1-048A,02M_CHILD,4.458,ultrasuite/uxssd_core/02M/BL1/048A.wav,ultrasuite/uxssd_core/02M/BL1/048A.txt,ultrasuite/uxssd_core/02M/BL1/048A.param,ultrasuite/output/uxssd/02M/02M-BL1-048A.json
02M_BL1_w040_072,mispronunciation_heavy,02M-BL1-049A,02M_CHILD,3.901,ultrasuite/uxssd_core/02M/BL1/049A.wav,ultrasuite/uxssd_core/02M/BL1/049A.txt,ultrasuite/uxssd_core/02M/BL1/049A.param,ultrasuite/output/uxssd/02M/02M-BL1-049A.json
02M_BL1_w040_072,mispronunciation_heavy,02M-BL1-050A,02M_CHILD,2.229,ultrasuite/uxssd_core/02M/BL1/050A.wav,ultrasuite/uxssd_core/02M/BL1/050A.txt,ultrasuite/uxssd_core/02M/BL1/050A.param,ultrasuite/output/uxssd/02M/02M-BL1-050A.json
02M_BL1_w040_072,mispronunciation_heavy,02M-BL1-051A,02M_CHILD,5.016,ultrasuite/uxssd_core/02M/BL1/051A.wav,ultrasuite/uxssd_core/02M/BL1/051A.txt,ultrasuite/uxssd_core/02M/BL1/051A.param,ultrasuite/output/uxssd/02M/02M-BL1-051A.json
02M_BL1_w040_072,mispronunciation_heavy,02M-BL1-052A,02M_CHILD,4.458,ultrasuite/uxssd_core/02M/BL1/052A.wav,ultrasuite/uxssd_core/02M/BL1/052A.txt,ultrasuite/uxssd_core/02M/BL1/052A.param,ultrasuite/output/uxssd/02M/02M-BL1-052A.json
02M_BL1_w040_072,mispronunciation_heavy,02M-BL1-053A,02M_CHILD,2.786,ultrasuite/uxssd_core/02M/BL1/053A.wav,ultrasuite/uxssd_core/02M/BL1/053A.txt,ultrasuite/uxssd_core/02M/BL1/053A.param,ultrasuite/output/uxssd/02M/02M-BL1-053A.json
02M_BL1_w040_072,mispronunciation_heavy,02M-BL1-054A,02M_CHILD,4.458,ultrasuite/uxssd_core/02M/BL1/054A.wav,ultrasuite/uxssd_core/02M/BL1/054A.txt,ultrasuite/uxssd_core/02M/BL1/054A.param,ultrasuite/output/uxssd/02M/02M-BL1-054A.json
02M_BL1_w040_072,mispronunciation_heavy,02M-BL1-055A,02M_CHILD,4.458,ultrasuite/uxssd_core/02M/BL1/055A.wav,ultrasuite/uxssd_core/02M/BL1/055A.txt,ultrasuite/uxssd_core/02M/BL1/055A.param,ultrasuite/output/uxssd/02M/02M-BL1-055A.json
02M_BL1_w040_072,mispronunciation_heavy,02M-BL1-056A,02M_CHILD,3.901,ultrasuite/uxssd_core/02M/BL1/056A.wav,ultrasuite/uxssd_core/02M/BL1/056A.txt,ultrasuite/uxssd_core/02M/BL1/056A.param,ultrasuite/output/uxssd/02M/02M-BL1-056A.json
02M_BL1_w040_072,mispronunciation_heavy,02M-BL1-057A,02M_CHILD,4.458,ultrasuite/uxssd_core/02M/BL1/057A.wav,ultrasuite/uxssd_core/02M/BL1/057A.txt,ultrasuite/uxssd_core/02M/BL1/057A.param,ultrasuite/output/uxssd/02M/02M-BL1-057A.json
02M_BL1_w040_072,mispronunciation_heavy,02M-BL1-058A,02M_CHILD,4.458,ultrasuite/uxssd_core/02M/BL1/058A.wav,ultrasuite/uxssd_core/02M/BL1/058A.txt,ultrasuite/uxssd_core/02M/BL1/058A.param,ultrasuite/output/uxssd/02M/02M-BL1-058A.json
02M_BL1_w040_072,mispronunciation_heavy,02M-BL1-059A,02M_CHILD,3.901,ultrasuite/uxssd_core/02M/BL1/059A.wav,ultrasuite/uxssd_core/02M/BL1/059A.txt,ultrasuite/uxssd_core/02M/BL1/059A.param,ultrasuite/output/uxssd/02M/02M-BL1-059A.json
02M_BL1_w040_072,mispronunciation_heavy,02M-BL1-060A,02M_CHILD,3.901,ultrasuite/uxssd_core/02M/BL1/060A.wav,ultrasuite/uxssd_core/02M/BL1/060A.txt,ultrasuite/uxssd_core/02M/BL1/060A.param,ultrasuite/output/uxssd/02M/02M-BL1-060A.json
02M_BL1_w040_072,mispronunciation_heavy,02M-BL1-061A,02M_CHILD,4.458,ultrasuite/uxssd_core/02M/BL1/061A.wav,ultrasuite/uxssd_core/02M/BL1/061A.txt,ultrasuite/uxssd_core/02M/BL1/061A.param,ultrasuite/output/uxssd/02M/02M-BL1-061A.json
02M_BL1_w040_072,mispronunciation_heavy,02M-BL1-062A,02M_CHILD,4.458,ultrasuite/uxssd_core/02M/BL1/062A.wav,ultrasuite/uxssd_core/02M/BL1/062A.txt,ultrasuite/uxssd_core/02M/BL1/062A.param,ultrasuite/output/uxssd/02M/02M-BL1-062A.json
02M_BL1_w040_072,mispronunciation_heavy,02M-BL1-063A,02M_CHILD,3.901,ultrasuite/uxssd_core/02M/BL1/063A.wav,ultrasuite/uxssd_core/02M/BL1/063A.txt,ultrasuite/uxssd_core/02M/BL1/063A.param,ultrasuite/output/uxssd/02M/02M-BL1-063A.json
02M_BL1_w040_072,mispronunciation_heavy,02M-BL1-064A,02M_CHILD,3.901,ultrasuite/uxssd_core/02M/BL1/064A.wav,ultrasuite/uxssd_core/02M/BL1/064A.txt,ultrasuite/uxssd_core/02M/BL1/064A.param,ultrasuite/output/uxssd/02M/02M-BL1-064A.json
02M_BL1_w040_072,mispronunciation_heavy,02M-BL1-065A,02M_CHILD,3.901,ultrasuite/uxssd_core/02M/BL1/065A.wav,ultrasuite/uxssd_core/02M/BL1/065A.txt,ultrasuite/uxssd_core/02M/BL1/065A.param,ultrasuite/output/uxssd/02M/02M-BL1-065A.json
02M_BL1_w040_072,mispronunciation_heavy,02M-BL1-066A,02M_CHILD,2.786,ultrasuite/uxssd_core/02M/BL1/066A.wav,ultrasuite/uxssd_core/02M/BL1/066A.txt,ultrasuite/uxssd_core/02M/BL1/066A.param,ultrasuite/output/uxssd/02M/02M-BL1-066A.json
02M_BL1_w040_072,mispronunciation_heavy,02M-BL1-067B,02M_CHILD,7.245,ultrasuite/uxssd_core/02M/BL1/067B.wav,ultrasuite/uxssd_core/02M/BL1/067B.txt,ultrasuite/uxssd_core/02M/BL1/067B.param,ultrasuite/output/uxssd/02M/02M-BL1-067B.json
02M_BL1_w040_072,mispronunciation_heavy,02M-BL1-068B,02M_CHILD,6.687,ultrasuite/uxssd_core/02M/BL1/068B.wav,ultrasuite/uxssd_core/02M/BL1/068B.txt,ultrasuite/uxssd_core/02M/BL1/068B.param,ultrasuite/output/uxssd/02M/02M-BL1-068B.json
02M_BL1_w040_072,mispronunciation_heavy,02M-BL1-069B,02M_CHILD,6.130,ultrasuite/uxssd_core/02M/BL1/069B.wav,ultrasuite/uxssd_core/02M/BL1/069B.txt,ultrasuite/uxssd_core/02M/BL1/069B.param,ultrasuite/output/uxssd/02M/02M-BL1-069B.json
02M_BL1_w040_072,mispronunciation_heavy,02M-BL1-070B,02M_CHILD,8.359,ultrasuite/uxssd_core/02M/BL1/070B.wav,ultrasuite/uxssd_core/02M/BL1/070B.txt,ultrasuite/uxssd_core/02M/BL1/070B.param,ultrasuite/output/uxssd/02M/02M-BL1-070B.json
02M_BL1_w040_072,mispronunciation_heavy,02M-BL1-071B,02M_CHILD,6.130,ultrasuite/uxssd_core/02M/BL1/071B.wav,ultrasuite/uxssd_core/02M/BL1/071B.txt,ultrasuite/uxssd_core/02M/BL1/071B.param,ultrasuite/output/uxssd/02M/02M-BL1-071B.json
02M_BL1_w040_072,mispronunciation_heavy,02M-BL1-072B,02M_CHILD,6.687,ultrasuite/uxssd_core/02M/BL1/072B.wav,ultrasuite/uxssd_core/02M/BL1/072B.txt,ultrasuite/uxssd_core/02M/BL1/072B.param,ultrasuite/output/uxssd/02M/02M-BL1-072B.json
02M_Maint2_w015_039,behavioral_heavy,02M-Maint2-015A,02M_CHILD,4.830,ultrasuite/uxssd_core/02M/Maint2/015A.wav,ultrasuite/uxssd_core/02M/Maint2/015A.txt,ultrasuite/uxssd_core/02M/Maint2/015A.param,ultrasuite/output/uxssd/02M/02M-Maint2-015A.json
02M_Maint2_w015_039,behavioral_heavy,02M-Maint2-016A,02M_CHILD,4.830,ultrasuite/uxssd_core/02M/Maint2/016A.wav,ultrasuite/uxssd_core/02M/Maint2/016A.txt,ultrasuite/uxssd_core/02M/Maint2/016A.param,ultrasuite/output/uxssd/02M/02M-Maint2-016A.json
02M_Maint2_w015_039,behavioral_heavy,02M-Maint2-017A,02M_CHILD,5.433,ultrasuite/uxssd_core/02M/Maint2/017A.wav,ultrasuite/uxssd_core/02M/Maint2/017A.txt,ultrasuite/uxssd_core/02M/Maint2/017A.param,ultrasuite/output/uxssd/02M/02M-Maint2-017A.json
02M_Maint2_w015_039,behavioral_heavy,02M-Maint2-018A,02M_CHILD,4.830,ultrasuite/uxssd_core/02M/Maint2/018A.wav,ultrasuite/uxssd_core/02M/Maint2/018A.txt,ultrasuite/uxssd_core/02M/Maint2/018A.param,ultrasuite/output/uxssd/02M/02M-Maint2-018A.json
02M_Maint2_w015_039,behavioral_heavy,02M-Maint2-019A,02M_CHILD,4.830,ultrasuite/uxssd_core/02M/Maint2/019A.wav,ultrasuite/uxssd_core/02M/Maint2/019A.txt,ultrasuite/uxssd_core/02M/Maint2/019A.param,ultrasuite/output/uxssd/02M/02M-Maint2-019A.json
02M_Maint2_w015_039,behavioral_heavy,02M-Maint2-020A,02M_CHILD,5.433,ultrasuite/uxssd_core/02M/Maint2/020A.wav,ultrasuite/uxssd_core/02M/Maint2/020A.txt,ultrasuite/uxssd_core/02M/Maint2/020A.param,ultrasuite/output/uxssd/02M/02M-Maint2-020A.json
02M_Maint2_w015_039,behavioral_heavy,02M-Maint2-021A,02M_CHILD,4.830,ultrasuite/uxssd_core/02M/Maint2/021A.wav,ultrasuite/uxssd_core/02M/Maint2/021A.txt,ultrasuite/uxssd_core/02M/Maint2/021A.param,ultrasuite/output/uxssd/02M/02M-Maint2-021A.json
02M_Maint2_w015_039,behavioral_heavy,02M-Maint2-022A,02M_CHILD,4.226,ultrasuite/uxssd_core/02M/Maint2/022A.wav,ultrasuite/uxssd_core/02M/Maint2/022A.txt,ultrasuite/uxssd_core/02M/Maint2/022A.param,ultrasuite/output/uxssd/02M/02M-Maint2-022A.json
02M_Maint2_w015_039,behavioral_heavy,02M-Maint2-023A,02M_CHILD,4.830,ultrasuite/uxssd_core/02M/Maint2/023A.wav,ultrasuite/uxssd_core/02M/Maint2/023A.txt,ultrasuite/uxssd_core/02M/Maint2/023A.param,ultrasuite/output/uxssd/02M/02M-Maint2-023A.json
02M_Maint2_w015_039,behavioral_heavy,02M-Maint2-024A,02M_CHILD,4.830,ultrasuite/uxssd_core/02M/Maint2/024A.wav,ultrasuite/uxssd_core/02M/Maint2/024A.txt,ultrasuite/uxssd_core/02M/Maint2/024A.param,ultrasuite/output/uxssd/02M/02M-Maint2-024A.json
02M_Maint2_w015_039,behavioral_heavy,02M-Maint2-025A,02M_CHILD,6.037,ultrasuite/uxssd_core/02M/Maint2/025A.wav,ultrasuite/uxssd_core/02M/Maint2/025A.txt,ultrasuite/uxssd_core/02M/Maint2/025A.param,ultrasuite/output/uxssd/02M/02M-Maint2-025A.json
02M_Maint2_w015_039,behavioral_heavy,02M-Maint2-026A,02M_CHILD,5.433,ultrasuite/uxssd_core/02M/Maint2/026A.wav,ultrasuite/uxssd_core/02M/Maint2/026A.txt,ultrasuite/uxssd_core/02M/Maint2/026A.param,ultrasuite/output/uxssd/02M/02M-Maint2-026A.json
02M_Maint2_w015_039,behavioral_heavy,02M-Maint2-027A,02M_CHILD,3.622,ultrasuite/uxssd_core/02M/Maint2/027A.wav,ultrasuite/uxssd_core/02M/Maint2/027A.txt,ultrasuite/uxssd_core/02M/Maint2/027A.param,ultrasuite/output/uxssd/02M/02M-Maint2-027A.json
02M_Maint2_w015_039,behavioral_heavy,02M-Maint2-028C,02M_CHILD,4.830,ultrasuite/uxssd_core/02M/Maint2/028C.wav,ultrasuite/uxssd_core/02M/Maint2/028C.txt,ultrasuite/uxssd_core/02M/Maint2/028C.param,ultrasuite/output/uxssd/02M/02M-Maint2-028C.json
02M_Maint2_w015_039,behavioral_heavy,02M-Maint2-029C,02M_CHILD,4.830,ultrasuite/uxssd_core/02M/Maint2/029C.wav,ultrasuite/uxssd_core/02M/Maint2/029C.txt,ultrasuite/uxssd_core/02M/Maint2/029C.param,ultrasuite/output/uxssd/02M/02M-Maint2-029C.json
02M_Maint2_w015_039,behavioral_heavy,02M-Maint2-030C,02M_CHILD,4.830,ultrasuite/uxssd_core/02M/Maint2/030C.wav,ultrasuite/uxssd_core/02M/Maint2/030C.txt,ultrasuite/uxssd_core/02M/Maint2/030C.param,ultrasuite/output/uxssd/02M/02M-Maint2-030C.json
02M_Maint2_w015_039,behavioral_heavy,02M-Maint2-031C,02M_CHILD,4.830,ultrasuite/uxssd_core/02M/Maint2/031C.wav,ultrasuite/uxssd_core/02M/Maint2/031C.txt,ultrasuite/uxssd_core/02M/Maint2/031C.param,ultrasuite/output/uxssd/02M/02M-Maint2-031C.json
02M_Maint2_w015_039,behavioral_heavy,02M-Maint2-032A,02M_CHILD,4.226,ultrasuite/uxssd_core/02M/Maint2/032A.wav,ultrasuite/uxssd_core/02M/Maint2/032A.txt,ultrasuite/uxssd_core/02M/Maint2/032A.param,ultrasuite/output/uxssd/02M/02M-Maint2-032A.json
02M_Maint2_w015_039,behavioral_heavy,02M-Maint2-033A,02M_CHILD,4.226,ultrasuite/uxssd_core/02M/Maint2/033A.wav,ultrasuite/uxssd_core/02M/Maint2/033A.txt,ultrasuite/uxssd_core/02M/Maint2/033A.param,ultrasuite/output/uxssd/02M/02M-Maint2-033A.json
02M_Maint2_w015_039,behavioral_heavy,02M-Maint2-034A,02M_CHILD,4.226,ultrasuite/uxssd_core/02M/Maint2/034A.wav,ultrasuite/uxssd_core/02M/Maint2/034A.txt,ultrasuite/uxssd_core/02M/Maint2/034A.param,ultrasuite/output/uxssd/02M/02M-Maint2-034A.json
02M_Maint2_w015_039,behavioral_heavy,02M-Maint2-035A,02M_CHILD,5.433,ultrasuite/uxssd_core/02M/Maint2/035A.wav,ultrasuite/uxssd_core/02M/Maint2/035A.txt,ultrasuite/uxssd_core/02M/Maint2/035A.param,ultrasuite/output/uxssd/02M/02M-Maint2-035A.json
02M_Maint2_w015_039,behavioral_heavy,02M-Maint2-036A,02M_CHILD,6.641,ultrasuite/uxssd_core/02M/Maint2/036A.wav,ultrasuite/uxssd_core/02M/Maint2/036A.txt,ultrasuite/uxssd_core/02M/Maint2/036A.param,ultrasuite/output/uxssd/02M/02M-Maint2-036A.json
02M_Maint2_w015_039,behavioral_heavy,02M-Maint2-037A,02M_CHILD,5.433,ultrasuite/uxssd_core/02M/Maint2/037A.wav,ultrasuite/uxssd_core/02M/Maint2/037A.txt,ultrasuite/uxssd_core/02M/Maint2/037A.param,ultrasuite/output/uxssd/02M/02M-Maint2-037A.json
02M_Maint2_w015_039,behavioral_heavy,02M-Maint2-038A,02M_CHILD,6.037,ultrasuite/uxssd_core/02M/Maint2/038A.wav,ultrasuite/uxssd_core/02M/Maint2/038A.txt,ultrasuite/uxssd_core/02M/Maint2/038A.param,ultrasuite/output/uxssd/02M/02M-Maint2-038A.json
02M_Maint2_w015_039,behavioral_heavy,02M-Maint2-039A,02M_CHILD,5.433,ultrasuite/uxssd_core/02M/Maint2/039A.wav,ultrasuite/uxssd_core/02M/Maint2/039A.txt,ultrasuite/uxssd_core/02M/Maint2/039A.param,ultrasuite/output/uxssd/02M/02M-Maint2-039A.json
02M_Post_w010_044,mispronunciation_heavy,02M-Post-010A,02M_CHILD,3.622,ultrasuite/uxssd_core/02M/Post/010A.wav,ultrasuite/uxssd_core/02M/Post/010A.txt,ultrasuite/uxssd_core/02M/Post/010A.param,ultrasuite/output/uxssd/02M/02M-Post-010A.json
02M_Post_w010_044,mispronunciation_heavy,02M-Post-011A,02M_CHILD,4.226,ultrasuite/uxssd_core/02M/Post/011A.wav,ultrasuite/uxssd_core/02M/Post/011A.txt,ultrasuite/uxssd_core/02M/Post/011A.param,ultrasuite/output/uxssd/02M/02M-Post-011A.json
02M_Post_w010_044,mispronunciation_heavy,02M-Post-012A,02M_CHILD,4.226,ultrasuite/uxssd_core/02M/Post/012A.wav,ultrasuite/uxssd_core/02M/Post/012A.txt,ultrasuite/uxssd_core/02M/Post/012A.param,ultrasuite/output/uxssd/02M/02M-Post-012A.json
02M_Post_w010_044,mispronunciation_heavy,02M-Post-013A,02M_CHILD,1.811,ultrasuite/uxssd_core/02M/Post/013A.wav,ultrasuite/uxssd_core/02M/Post/013A.txt,ultrasuite/uxssd_core/02M/Post/013A.param,ultrasuite/output/uxssd/02M/02M-Post-013A.json
02M_Post_w010_044,mispronunciation_heavy,02M-Post-014A,02M_CHILD,3.622,ultrasuite/uxssd_core/02M/Post/014A.wav,ultrasuite/uxssd_core/02M/Post/014A.txt,ultrasuite/uxssd_core/02M/Post/014A.param,ultrasuite/output/uxssd/02M/02M-Post-014A.json
02M_Post_w010_044,mispronunciation_heavy,02M-Post-015A,02M_CHILD,4.830,ultrasuite/uxssd_core/02M/Post/015A.wav,ultrasuite/uxssd_core/02M/Post/015A.txt,ultrasuite/uxssd_core/02M/Post/015A.param,ultrasuite/output/uxssd/02M/02M-Post-015A.json
02M_Post_w010_044,mispronunciation_heavy,02M-Post-016A,02M_CHILD,4.830,ultrasuite/uxssd_core/02M/Post/016A.wav,ultrasuite/uxssd_core/02M/Post/016A.txt,ultrasuite/uxssd_core/02M/Post/016A.param,ultrasuite/output/uxssd/02M/02M-Post-016A.json
02M_Post_w010_044,mispronunciation_heavy,02M-Post-017A,02M_CHILD,4.226,ultrasuite/uxssd_core/02M/Post/017A.wav,ultrasuite/uxssd_core/02M/Post/017A.txt,ultrasuite/uxssd_core/02M/Post/017A.param,ultrasuite/output/uxssd/02M/02M-Post-017A.json
02M_Post_w010_044,mispronunciation_heavy,02M-Post-018A,02M_CHILD,4.226,ultrasuite/uxssd_core/02M/Post/018A.wav,ultrasuite/uxssd_core/02M/Post/018A.txt,ultrasuite/uxssd_core/02M/Post/018A.param,ultrasuite/output/uxssd/02M/02M-Post-018A.json
02M_Post_w010_044,mispronunciation_heavy,02M-Post-019A,02M_CHILD,4.830,ultrasuite/uxssd_core/02M/Post/019A.wav,ultrasuite/uxssd_core/02M/Post/019A.txt,ultrasuite/uxssd_core/02M/Post/019A.param,ultrasuite/output/uxssd/02M/02M-Post-019A.json
02M_Post_w010_044,mispronunciation_heavy,02M-Post-020A,02M_CHILD,5.433,ultrasuite/uxssd_core/02M/Post/020A.wav,ultrasuite/uxssd_core/02M/Post/020A.txt,ultrasuite/uxssd_core/02M/Post/020A.param,ultrasuite/output/uxssd/02M/02M-Post-020A.json
02M_Post_w010_044,mispronunciation_heavy,02M-Post-021A,02M_CHILD,4.830,ultrasuite/uxssd_core/02M/Post/021A.wav,ultrasuite/uxssd_core/02M/Post/021A.txt,ultrasuite/uxssd_core/02M/Post/021A.param,ultrasuite/output/uxssd/02M/02M-Post-021A.json
02M_Post_w010_044,mispronunciation_heavy,02M-Post-022A,02M_CHILD,4.830,ultrasuite/uxssd_core/02M/Post/022A.wav,ultrasuite/uxssd_core/02M/Post/022A.txt,ultrasuite/uxssd_core/02M/Post/022A.param,ultrasuite/output/uxssd/02M/02M-Post-022A.json
02M_Post_w010_044,mispronunciation_heavy,02M-Post-023A,02M_CHILD,4.830,ultrasuite/uxssd_core/02M/Post/023A.wav,ultrasuite/uxssd_core/02M/Post/023A.txt,ultrasuite/uxssd_core/02M/Post/023A.param,ultrasuite/output/uxssd/02M/02M-Post-023A.json
02M_Post_w010_044,mispronunciation_heavy,02M-Post-024A,02M_CHILD,4.226,ultrasuite/uxssd_core/02M/Post/024A.wav,ultrasuite/uxssd_core/02M/Post/024A.txt,ultrasuite/uxssd_core/02M/Post/024A.param,ultrasuite/output/uxssd/02M/02M-Post-024A.json
02M_Post_w010_044,mispronunciation_heavy,02M-Post-025A,02M_CHILD,6.037,ultrasuite/uxssd_core/02M/Post/025A.wav,ultrasuite/uxssd_core/02M/Post/025A.txt,ultrasuite/uxssd_core/02M/Post/025A.param,ultrasuite/output/uxssd/02M/02M-Post-025A.json
02M_Post_w010_044,mispronunciation_heavy,02M-Post-026A,02M_CHILD,4.226,ultrasuite/uxssd_core/02M/Post/026A.wav,ultrasuite/uxssd_core/02M/Post/026A.txt,ultrasuite/uxssd_core/02M/Post/026A.param,ultrasuite/output/uxssd/02M/02M-Post-026A.json
02M_Post_w010_044,mispronunciation_heavy,02M-Post-027C,02M_CHILD,4.830,ultrasuite/uxssd_core/02M/Post/027C.wav,ultrasuite/uxssd_core/02M/Post/027C.txt,ultrasuite/uxssd_core/02M/Post/027C.param,ultrasuite/output/uxssd/02M/02M-Post-027C.json
02M_Post_w010_044,mispronunciation_heavy,02M-Post-028C,02M_CHILD,5.433,ultrasuite/uxssd_core/02M/Post/028C.wav,ultrasuite/uxssd_core/02M/Post/028C.txt,ultrasuite/uxssd_core/02M/Post/028C.param,ultrasuite/output/uxssd/02M/02M-Post-028C.json
02M_Post_w010_044,mispronunciation_heavy,02M-Post-029A,02M_CHILD,3.019,ultrasuite/uxssd_core/02M/Post/029A.wav,ultrasuite/uxssd_core/02M/Post/029A.txt,ultrasuite/uxssd_core/02M/Post/029A.param,ultrasuite/output/uxssd/02M/02M-Post-029A.json
02M_Post_w010_044,mispronunciation_heavy,02M-Post-030A,02M_CHILD,3.019,ultrasuite/uxssd_core/02M/Post/030A.wav,ultrasuite/uxssd_core/02M/Post/030A.txt,ultrasuite/uxssd_core/02M/Post/030A.param,ultrasuite/output/uxssd/02M/02M-Post-030A.json
02M_Post_w010_044,mispronunciation_heavy,02M-Post-031A,02M_CHILD,4.226,ultrasuite/uxssd_core/02M/Post/031A.wav,ultrasuite/uxssd_core/02M/Post/031A.txt,ultrasuite/uxssd_core/02M/Post/031A.param,ultrasuite/output/uxssd/02M/02M-Post-031A.json
02M_Post_w010_044,mispronunciation_heavy,02M-Post-032A,02M_CHILD,3.622,ultrasuite/uxssd_core/02M/Post/032A.wav,ultrasuite/uxssd_core/02M/Post/032A.txt,ultrasuite/uxssd_core/02M/Post/032A.param,ultrasuite/output/uxssd/02M/02M-Post-032A.json
02M_Post_w010_044,mispronunciation_heavy,02M-Post-033A,02M_CHILD,4.226,ultrasuite/uxssd_core/02M/Post/033A.wav,ultrasuite/uxssd_core/02M/Post/033A.txt,ultrasuite/uxssd_core/02M/Post/033A.param,ultrasuite/output/uxssd/02M/02M-Post-033A.json
02M_Post_w010_044,mispronunciation_heavy,02M-Post-034A,02M_CHILD,4.226,ultrasuite/uxssd_core/02M/Post/034A.wav,ultrasuite/uxssd_core/02M/Post/034A.txt,ultrasuite/uxssd_core/02M/Post/034A.param,ultrasuite/output/uxssd/02M/02M-Post-034A.json
02M_Post_w010_044,mispronunciation_heavy,02M-Post-035A,02M_CHILD,3.622,ultrasuite/uxssd_core/02M/Post/035A.wav,ultrasuite/uxssd_core/02M/Post/035A.txt,ultrasuite/uxssd_core/02M/Post/035A.param,ultrasuite/output/uxssd/02M/02M-Post-035A.json
02M_Post_w010_044,mispronunciation_heavy,02M-Post-036A,02M_CHILD,4.226,ultrasuite/uxssd_core/02M/Post/036A.wav,ultrasuite/uxssd_core/02M/Post/036A.txt,ultrasuite/uxssd_core/02M/Post/036A.param,ultrasuite/output/uxssd/02M/02M-Post-036A.json
02M_Post_w010_044,mispronunciation_heavy,02M-Post-037A,02M_CHILD,4.226,ultrasuite/uxssd_core/02M/Post/037A.wav,ultrasuite/uxssd_core/02M/Post/037A.txt,ultrasuite/uxssd_core/02M/Post/037A.param,ultrasuite/output/uxssd/02M/02M-Post-037A.json
02M_Post_w010_044,mispronunciation_heavy,02M-Post-038A,02M_CHILD,4.830,ultrasuite/uxssd_core/02M/Post/038A.wav,ultrasuite/uxssd_core/02M/Post/038A.txt,ultrasuite/uxssd_core/02M/Post/038A.param,ultrasuite/output/uxssd/02M/02M-Post-038A.json
02M_Post_w010_044,mispronunciation_heavy,02M-Post-039A,02M_CHILD,3.622,ultrasuite/uxssd_core/02M/Post/039A.wav,ultrasuite/uxssd_core/02M/Post/039A.txt,ultrasuite/uxssd_core/02M/Post/039A.param,ultrasuite/output/uxssd/02M/02M-Post-039A.json
02M_Post_w010_044,mispronunciation_heavy,02M-Post-040A,02M_CHILD,4.226,ultrasuite/uxssd_core/02M/Post/040A.wav,ultrasuite/uxssd_core/02M/Post/040A.txt,ultrasuite/uxssd_core/02M/Post/040A.param,ultrasuite/output/uxssd/02M/02M-Post-040A.json
02M_Post_w010_044,mispronunciation_heavy,02M-Post-041A,02M_CHILD,3.622,ultrasuite/uxssd_core/02M/Post/041A.wav,ultrasuite/uxssd_core/02M/Post/041A.txt,ultrasuite/uxssd_core/02M/Post/041A.param,ultrasuite/output/uxssd/02M/02M-Post-041A.json
02M_Post_w010_044,mispronunciation_heavy,02M-Post-042C,02M_CHILD,5.433,ultrasuite/uxssd_core/02M/Post/042C.wav,ultrasuite/uxssd_core/02M/Post/042C.txt,ultrasuite/uxssd_core/02M/Post/042C.param,ultrasuite/output/uxssd/02M/02M-Post-042C.json
02M_Post_w010_044,mispronunciation_heavy,02M-Post-043C,02M_CHILD,4.226,ultrasuite/uxssd_core/02M/Post/043C.wav,ultrasuite/uxssd_core/02M/Post/043C.txt,ultrasuite/uxssd_core/02M/Post/043C.param,ultrasuite/output/uxssd/02M/02M-Post-043C.json
02M_Post_w010_044,mispronunciation_heavy,02M-Post-044B,02M_CHILD,7.245,ultrasuite/uxssd_core/02M/Post/044B.wav,ultrasuite/uxssd_core/02M/Post/044B.txt,ultrasuite/uxssd_core/02M/Post/044B.param,ultrasuite/output/uxssd/02M/02M-Post-044B.json
04M_Post_w001_009,behavioral_heavy,04M-Post-001E,04M_CHILD,3.019,ultrasuite/uxssd_core/04M/Post/001E.wav,ultrasuite/uxssd_core/04M/Post/001E.txt,ultrasuite/uxssd_core/04M/Post/001E.param,ultrasuite/output/uxssd/04M/04M-Post-001E.json
04M_Post_w001_009,behavioral_heavy,04M-Post-002A,04M_CHILD,25.356,ultrasuite/uxssd_core/04M/Post/002A.wav,ultrasuite/uxssd_core/04M/Post/002A.txt,ultrasuite/uxssd_core/04M/Post/002A.param,ultrasuite/output/uxssd/04M/04M-Post-002A.json
04M_Post_w001_009,behavioral_heavy,04M-Post-003A,04M_CHILD,21.734,ultrasuite/uxssd_core/04M/Post/003A.wav,ultrasuite/uxssd_core/04M/Post/003A.txt,ultrasuite/uxssd_core/04M/Post/003A.param,ultrasuite/output/uxssd/04M/04M-Post-003A.json
04M_Post_w001_009,behavioral_heavy,04M-Post-004A,04M_CHILD,10.867,ultrasuite/uxssd_core/04M/Post/004A.wav,ultrasuite/uxssd_core/04M/Post/004A.txt,ultrasuite/uxssd_core/04M/Post/004A.param,ultrasuite/output/uxssd/04M/04M-Post-004A.json
04M_Post_w001_009,behavioral_heavy,04M-Post-005A,04M_CHILD,14.489,ultrasuite/uxssd_core/04M/Post/005A.wav,ultrasuite/uxssd_core/04M/Post/005A.txt,ultrasuite/uxssd_core/04M/Post/005A.param,ultrasuite/output/uxssd/04M/04M-Post-005A.json
04M_Post_w001_009,behavioral_heavy,04M-Post-006A,04M_CHILD,11.471,ultrasuite/uxssd_core/04M/Post/006A.wav,ultrasuite/uxssd_core/04M/Post/006A.txt,ultrasuite/uxssd_core/04M/Post/006A.param,ultrasuite/output/uxssd/04M/04M-Post-006A.json
04M_Post_w001_009,behavioral_heavy,04M-Post-007A,04M_CHILD,15.093,ultrasuite/uxssd_core/04M/Post/007A.wav,ultrasuite/uxssd_core/04M/Post/007A.txt,ultrasuite/uxssd_core/04M/Post/007A.param,ultrasuite/output/uxssd/04M/04M-Post-007A.json
04M_Post_w001_009,behavioral_heavy,04M-Post-008A,04M_CHILD,9.660,ultrasuite/uxssd_core/04M/Post/008A.wav,ultrasuite/uxssd_core/04M/Post/008A.txt,ultrasuite/uxssd_core/04M/Post/008A.param,ultrasuite/output/uxssd/04M/04M-Post-008A.json
04M_Post_w001_009,behavioral_heavy,04M-Post-009A,04M_CHILD,12.074,ultrasuite/uxssd_core/04M/Post/009A.wav,ultrasuite/uxssd_core/04M/Post/009A.txt,ultrasuite/uxssd_core/04M/Post/009A.param,ultrasuite/output/uxssd/04M/04M-Post-009A.json
04M_Post_w003_012,behavioral_heavy,04M-Post-003A,04M_CHILD,21.734,ultrasuite/uxssd_core/04M/Post/003A.wav,ultrasuite/uxssd_core/04M/Post/003A.txt,ultrasuite/uxssd_core/04M/Post/003A.param,ultrasuite/output/uxssd/04M/04M-Post-003A.json
04M_Post_w003_012,behavioral_heavy,04M-Post-004A,04M_CHILD,10.867,ultrasuite/uxssd_core/04M/Post/004A.wav,ultrasuite/uxssd_core/04M/Post/004A.txt,ultrasuite/uxssd_core/04M/Post/004A.param,ultrasuite/output/uxssd/04M/04M-Post-004A.json
04M_Post_w003_012,behavioral_heavy,04M-Post-005A,04M_CHILD,14.489,ultrasuite/uxssd_core/04M/Post/005A.wav,ultrasuite/uxssd_core/04M/Post/005A.txt,ultrasuite/uxssd_core/04M/Post/005A.param,ultrasuite/output/uxssd/04M/04M-Post-005A.json
04M_Post_w003_012,behavioral_heavy,04M-Post-006A,04M_CHILD,11.471,ultrasuite/uxssd_core/04M/Post/006A.wav,ultrasuite/uxssd_core/04M/Post/006A.txt,ultrasuite/uxssd_core/04M/Post/006A.param,ultrasuite/output/uxssd/04M/04M-Post-006A.json
04M_Post_w003_012,behavioral_heavy,04M-Post-007A,04M_CHILD,15.093,ultrasuite/uxssd_core/04M/Post/007A.wav,ultrasuite/uxssd_core/04M/Post/007A.txt,ultrasuite/uxssd_core/04M/Post/007A.param,ultrasuite/output/uxssd/04M/04M-Post-007A.json
04M_Post_w003_012,behavioral_heavy,04M-Post-008A,04M_CHILD,9.660,ultrasuite/uxssd_core/04M/Post/008A.wav,ultrasuite/uxssd_core/04M/Post/008A.txt,ultrasuite/uxssd_core/04M/Post/008A.param,ultrasuite/output/uxssd/04M/04M-Post-008A.json
04M_Post_w003_012,behavioral_heavy,04M-Post-009A,04M_CHILD,12.074,ultrasuite/uxssd_core/04M/Post/009A.wav,ultrasuite/uxssd_core/04M/Post/009A.txt,ultrasuite/uxssd_core/04M/Post/009A.param,ultrasuite/output/uxssd/04M/04M-Post-009A.json
04M_Post_w003_012,behavioral_heavy,04M-Post-010A,04M_CHILD,14.489,ultrasuite/uxssd_core/04M/Post/010A.wav,ultrasuite/uxssd_core/04M/Post/010A.txt,ultrasuite/uxssd_core/04M/Post/010A.param,ultrasuite/output/uxssd/04M/04M-Post-010A.json
04M_Post_w003_012,behavioral_heavy,04M-Post-011A,04M_CHILD,16.904,ultrasuite/uxssd_core/04M/Post/011A.wav,ultrasuite/uxssd_core/04M/Post/011A.txt,ultrasuite/uxssd_core/04M/Post/011A.param,ultrasuite/output/uxssd/04M/04M-Post-011A.json
04M_Post_w003_012,behavioral_heavy,04M-Post-012A,04M_CHILD,12.678,ultrasuite/uxssd_core/04M/Post/012A.wav,ultrasuite/uxssd_core/04M/Post/012A.txt,ultrasuite/uxssd_core/04M/Post/012A.param,ultrasuite/output/uxssd/04M/04M-Post-012A.json
04M_Post_w044_063,behavioral_heavy,04M-Post-044A,04M_CHILD,6.641,ultrasuite/uxssd_core/04M/Post/044A.wav,ultrasuite/uxssd_core/04M/Post/044A.txt,ultrasuite/uxssd_core/04M/Post/044A.param,ultrasuite/output/uxssd/04M/04M-Post-044A.json
04M_Post_w044_063,behavioral_heavy,04M-Post-045A,04M_CHILD,7.848,ultrasuite/uxssd_core/04M/Post/045A.wav,ultrasuite/uxssd_core/04M/Post/045A.txt,ultrasuite/uxssd_core/04M/Post/045A.param,ultrasuite/output/uxssd/04M/04M-Post-045A.json
04M_Post_w044_063,behavioral_heavy,04M-Post-046C,04M_CHILD,12.678,ultrasuite/uxssd_core/04M/Post/046C.wav,ultrasuite/uxssd_core/04M/Post/046C.txt,ultrasuite/uxssd_core/04M/Post/046C.param,ultrasuite/output/uxssd/04M/04M-Post-046C.json
04M_Post_w044_063,behavioral_heavy,04M-Post-047A,04M_CHILD,3.019,ultrasuite/uxssd_core/04M/Post/047A.wav,ultrasuite/uxssd_core/04M/Post/047A.txt,ultrasuite/uxssd_core/04M/Post/047A.param,ultrasuite/output/uxssd/04M/04M-Post-047A.json
04M_Post_w044_063,behavioral_heavy,04M-Post-048C,04M_CHILD,5.433,ultrasuite/uxssd_core/04M/Post/048C.wav,ultrasuite/uxssd_core/04M/Post/048C.txt,ultrasuite/uxssd_core/04M/Post/048C.param,ultrasuite/output/uxssd/04M/04M-Post-048C.json
04M_Post_w044_063,behavioral_heavy,04M-Post-049C,04M_CHILD,10.263,ultrasuite/uxssd_core/04M/Post/049C.wav,ultrasuite/uxssd_core/04M/Post/049C.txt,ultrasuite/uxssd_core/04M/Post/049C.param,ultrasuite/output/uxssd/04M/04M-Post-049C.json
04M_Post_w044_063,behavioral_heavy,04M-Post-050A,04M_CHILD,7.848,ultrasuite/uxssd_core/04M/Post/050A.wav,ultrasuite/uxssd_core/04M/Post/050A.txt,ultrasuite/uxssd_core/04M/Post/050A.param,ultrasuite/output/uxssd/04M/04M-Post-050A.json
04M_Post_w044_063,behavioral_heavy,04M-Post-051A,04M_CHILD,7.848,ultrasuite/uxssd_core/04M/Post/051A.wav,ultrasuite/uxssd_core/04M/Post/051A.txt,ultrasuite/uxssd_core/04M/Post/051A.param,ultrasuite/output/uxssd/04M/04M-Post-051A.json
04M_Post_w044_063,behavioral_heavy,04M-Post-052A,04M_CHILD,8.452,ultrasuite/uxssd_core/04M/Post/052A.wav,ultrasuite/uxssd_core/04M/Post/052A.txt,ultrasuite/uxssd_core/04M/Post/052A.param,ultrasuite/output/uxssd/04M/04M-Post-052A.json
04M_Post_w044_063,behavioral_heavy,04M-Post-053A,04M_CHILD,7.848,ultrasuite/uxssd_core/04M/Post/053A.wav,ultrasuite/uxssd_core/04M/Post/053A.txt,ultrasuite/uxssd_core/04M/Post/053A.param,ultrasuite/output/uxssd/04M/04M-Post-053A.json
04M_Post_w044_063,behavioral_heavy,04M-Post-054A,04M_CHILD,7.245,ultrasuite/uxssd_core/04M/Post/054A.wav,ultrasuite/uxssd_core/04M/Post/054A.txt,ultrasuite/uxssd_core/04M/Post/054A.param,ultrasuite/output/uxssd/04M/04M-Post-054A.json
04M_Post_w044_063,behavioral_heavy,04M-Post-055A,04M_CHILD,7.245,ultrasuite/uxssd_core/04M/Post/055A.wav,ultrasuite/uxssd_core/04M/Post/055A.txt,ultrasuite/uxssd_core/04M/Post/055A.param,ultrasuite/output/uxssd/04M/04M-Post-055A.json
04M_Post_w044_063,behavioral_heavy,04M-Post-056A,04M_CHILD,9.056,ultrasuite/uxssd_core/04M/Post/056A.wav,ultrasuite/uxssd_core/04M/Post/056A.txt,ultrasuite/uxssd_core/04M/Post/056A.param,ultrasuite/output/uxssd/04M/04M-Post-056A.json
04M_Post_w044_063,behavioral_heavy,04M-Post-057A,04M_CHILD,7.848,ultrasuite/uxssd_core/04M/Post/057A.wav,ultrasuite/uxssd_core/04M/Post/057A.txt,ultrasuite/uxssd_core/04M/Post/057A.param,ultrasuite/output/uxssd/04M/04M-Post-057A.json
04M_Post_w044_063,behavioral_heavy,04M-Post-058A,04M_CHILD,6.037,ultrasuite/uxssd_core/04M/Post/058A.wav,ultrasuite/uxssd_core/04M/Post/058A.txt,ultrasuite/uxssd_core/04M/Post/058A.param,ultrasuite/output/uxssd/04M/04M-Post-058A.json
04M_Post_w044_063,behavioral_heavy,04M-Post-059A,04M_CHILD,7.245,ultrasuite/uxssd_core/04M/Post/059A.wav,ultrasuite/uxssd_core/04M/Post/059A.txt,ultrasuite/uxssd_core/04M/Post/059A.param,ultrasuite/output/uxssd/04M/04M-Post-059A.json
04M_Post_w044_063,behavioral_heavy,04M-Post-060A,04M_CHILD,9.056,ultrasuite/uxssd_core/04M/Post/060A.wav,ultrasuite/uxssd_core/04M/Post/060A.txt,ultrasuite/uxssd_core/04M/Post/060A.param,ultrasuite/output/uxssd/04M/04M-Post-060A.json
04M_Post_w044_063,behavioral_heavy,04M-Post-061A,04M_CHILD,7.848,ultrasuite/uxssd_core/04M/Post/061A.wav,ultrasuite/uxssd_core/04M/Post/061A.txt,ultrasuite/uxssd_core/04M/Post/061A.param,ultrasuite/output/uxssd/04M/04M-Post-061A.json
04M_Post_w044_063,behavioral_heavy,04M-Post-062A,04M_CHILD,8.452,ultrasuite/uxssd_core/04M/Post/062A.wav,ultrasuite/uxssd_core/04M/Post/062A.txt,ultrasuite/uxssd_core/04M/Post/062A.param,ultrasuite/output/uxssd/04M/04M-Post-062A.json
04M_Post_w044_063,behavioral_heavy,04M-Post-063A,04M_CHILD,7.848,ultrasuite/uxssd_core/04M/Post/063A.wav,ultrasuite/uxssd_core/04M/Post/063A.txt,ultrasuite/uxssd_core/04M/Post/063A.param,ultrasuite/output/uxssd/04M/04M-Post-063A.json
05M_Mid_round2_w006_016,mispronunciation_heavy,05M-Mid_round2-006A,05M_CHILD,16.904,ultrasuite/uxssd_core/05M/Mid_round2/006A.wav,ultrasuite/uxssd_core/05M/Mid_round2/006A.txt,ultrasuite/uxssd_core/05M/Mid_round2/006A.param,ultrasuite/output/uxssd/05M/05M-Mid_round2-006A.json
05M_Mid_round2_w006_016,mispronunciation_heavy,05M-Mid_round2-007A,05M_CHILD,21.130,ultrasuite/uxssd_core/05M/Mid_round2/007A.wav,ultrasuite/uxssd_core/05M/Mid_round2/007A.txt,ultrasuite/uxssd_core/05M/Mid_round2/007A.param,ultrasuite/output/uxssd/05M/05M-Mid_round2-007A.json
05M_Mid_round2_w006_016,mispronunciation_heavy,05M-Mid_round2-008A,05M_CHILD,15.697,ultrasuite/uxssd_core/05M/Mid_round2/008A.wav,ultrasuite/uxssd_core/05M/Mid_round2/008A.txt,ultrasuite/uxssd_core/05M/Mid_round2/008A.param,ultrasuite/output/uxssd/05M/05M-Mid_round2-008A.json
05M_Mid_round2_w006_016,mispronunciation_heavy,05M-Mid_round2-009A,05M_CHILD,14.489,ultrasuite/uxssd_core/05M/Mid_round2/009A.wav,ultrasuite/uxssd_core/05M/Mid_round2/009A.txt,ultrasuite/uxssd_core/05M/Mid_round2/009A.param,ultrasuite/output/uxssd/05M/05M-Mid_round2-009A.json
05M_Mid_round2_w006_016,mispronunciation_heavy,05M-Mid_round2-010A,05M_CHILD,13.886,ultrasuite/uxssd_core/05M/Mid_round2/010A.wav,ultrasuite/uxssd_core/05M/Mid_round2/010A.txt,ultrasuite/uxssd_core/05M/Mid_round2/010A.param,ultrasuite/output/uxssd/05M/05M-Mid_round2-010A.json
05M_Mid_round2_w006_016,mispronunciation_heavy,05M-Mid_round2-011A,05M_CHILD,15.093,ultrasuite/uxssd_core/05M/Mid_round2/011A.wav,ultrasuite/uxssd_core/05M/Mid_round2/011A.txt,ultrasuite/uxssd_core/05M/Mid_round2/011A.param,ultrasuite/output/uxssd/05M/05M-Mid_round2-011A.json
05M_Mid_round2_w006_016,mispronunciation_heavy,05M-Mid_round2-012A,05M_CHILD,15.697,ultrasuite/uxssd_core/05M/Mid_round2/012A.wav,ultrasuite/uxssd_core/05M/Mid_round2/012A.txt,ultrasuite/uxssd_core/05M/Mid_round2/012A.param,ultrasuite/output/uxssd/05M/05M-Mid_round2-012A.json
05M_Mid_round2_w006_016,mispronunciation_heavy,05M-Mid_round2-013A,05M_CHILD,12.074,ultrasuite/uxssd_core/05M/Mid_round2/013A.wav,ultrasuite/uxssd_core/05M/Mid_round2/013A.txt,ultrasuite/uxssd_core/05M/Mid_round2/013A.param,ultrasuite/output/uxssd/05M/05M-Mid_round2-013A.json
05M_Mid_round2_w006_016,mispronunciation_heavy,05M-Mid_round2-014A,05M_CHILD,10.263,ultrasuite/uxssd_core/05M/Mid_round2/014A.wav,ultrasuite/uxssd_core/05M/Mid_round2/014A.txt,ultrasuite/uxssd_core/05M/Mid_round2/014A.param,ultrasuite/output/uxssd/05M/05M-Mid_round2-014A.json
05M_Mid_round2_w006_016,mispronunciation_heavy,05M-Mid_round2-015E,05M_CHILD,3.622,ultrasuite/uxssd_core/05M/Mid_round2/015E.wav,ultrasuite/uxssd_core/05M/Mid_round2/015E.txt,ultrasuite/uxssd_core/05M/Mid_round2/015E.param,ultrasuite/output/uxssd/05M/05M-Mid_round2-015E.json
05M_Mid_round2_w006_016,mispronunciation_heavy,05M-Mid_round2-016A,05M_CHILD,10.867,ultrasuite/uxssd_core/05M/Mid_round2/016A.wav,ultrasuite/uxssd_core/05M/Mid_round2/016A.txt,ultrasuite/uxssd_core/05M/Mid_round2/016A.param,ultrasuite/output/uxssd/05M/05M-Mid_round2-016A.json
05M_Post_w001_010,mispronunciation_heavy,05M-Post-001E,05M_CHILD,6.641,ultrasuite/uxssd_core/05M/Post/001E.wav,ultrasuite/uxssd_core/05M/Post/001E.txt,ultrasuite/uxssd_core/05M/Post/001E.param,ultrasuite/output/uxssd/05M/05M-Post-001E.json
05M_Post_w001_010,mispronunciation_heavy,05M-Post-002E,05M_CHILD,5.433,ultrasuite/uxssd_core/05M/Post/002E.wav,ultrasuite/uxssd_core/05M/Post/002E.txt,ultrasuite/uxssd_core/05M/Post/002E.param,ultrasuite/output/uxssd/05M/05M-Post-002E.json
05M_Post_w001_010,mispronunciation_heavy,05M-Post-003A,05M_CHILD,14.489,ultrasuite/uxssd_core/05M/Post/003A.wav,ultrasuite/uxssd_core/05M/Post/003A.txt,ultrasuite/uxssd_core/05M/Post/003A.param,ultrasuite/output/uxssd/05M/05M-Post-003A.json
05M_Post_w001_010,mispronunciation_heavy,05M-Post-004A,05M_CHILD,12.678,ultrasuite/uxssd_core/05M/Post/004A.wav,ultrasuite/uxssd_core/05M/Post/004A.txt,ultrasuite/uxssd_core/05M/Post/004A.param,ultrasuite/output/uxssd/05M/05M-Post-004A.json
05M_Post_w001_010,mispronunciation_heavy,05M-Post-005A,05M_CHILD,13.886,ultrasuite/uxssd_core/05M/Post/005A.wav,ultrasuite/uxssd_core/05M/Post/005A.txt,ultrasuite/uxssd_core/05M/Post/005A.param,ultrasuite/output/uxssd/05M/05M-Post-005A.json
05M_Post_w001_010,mispronunciation_heavy,05M-Post-006A,05M_CHILD,25.356,ultrasuite/uxssd_core/05M/Post/006A.wav,ultrasuite/uxssd_core/05M/Post/006A.txt,ultrasuite/uxssd_core/05M/Post/006A.param,ultrasuite/output/uxssd/05M/05M-Post-006A.json
05M_Post_w001_010,mispronunciation_heavy,05M-Post-007A,05M_CHILD,14.489,ultrasuite/uxssd_core/05M/Post/007A.wav,ultrasuite/uxssd_core/05M/Post/007A.txt,ultrasuite/uxssd_core/05M/Post/007A.param,ultrasuite/output/uxssd/05M/05M-Post-007A.json
05M_Post_w001_010,mispronunciation_heavy,05M-Post-008A,05M_CHILD,19.319,ultrasuite/uxssd_core/05M/Post/008A.wav,ultrasuite/uxssd_core/05M/Post/008A.txt,ultrasuite/uxssd_core/05M/Post/008A.param,ultrasuite/output/uxssd/05M/05M-Post-008A.json
05M_Post_w001_010,mispronunciation_heavy,05M-Post-009A,05M_CHILD,13.282,ultrasuite/uxssd_core/05M/Post/009A.wav,ultrasuite/uxssd_core/05M/Post/009A.txt,ultrasuite/uxssd_core/05M/Post/009A.param,ultrasuite/output/uxssd/05M/05M-Post-009A.json
05M_Post_w001_010,mispronunciation_heavy,05M-Post-010A,05M_CHILD,15.697,ultrasuite/uxssd_core/05M/Post/010A.wav,ultrasuite/uxssd_core/05M/Post/010A.txt,ultrasuite/uxssd_core/05M/Post/010A.param,ultrasuite/output/uxssd/05M/05M-Post-010A.json
05M_Post_w013_023,balanced,05M-Post-013A,05M_CHILD,12.678,ultrasuite/uxssd_core/05M/Post/013A.wav,ultrasuite/uxssd_core/05M/Post/013A.txt,ultrasuite/uxssd_core/05M/Post/013A.param,ultrasuite/output/uxssd/05M/05M-Post-013A.json
05M_Post_w013_023,balanced,05M-Post-014A,05M_CHILD,14.489,ultrasuite/uxssd_core/05M/Post/014A.wav,ultrasuite/uxssd_core/05M/Post/014A.txt,ultrasuite/uxssd_core/05M/Post/014A.param,ultrasuite/output/uxssd/05M/05M-Post-014A.json
05M_Post_w013_023,balanced,05M-Post-015A,05M_CHILD,13.282,ultrasuite/uxssd_core/05M/Post/015A.wav,ultrasuite/uxssd_core/05M/Post/015A.txt,ultrasuite/uxssd_core/05M/Post/015A.param,ultrasuite/output/uxssd/05M/05M-Post-015A.json
05M_Post_w013_023,balanced,05M-Post-016A,05M_CHILD,16.904,ultrasuite/uxssd_core/05M/Post/016A.wav,ultrasuite/uxssd_core/05M/Post/016A.txt,ultrasuite/uxssd_core/05M/Post/016A.param,ultrasuite/output/uxssd/05M/05M-Post-016A.json
05M_Post_w013_023,balanced,05M-Post-017A,05M_CHILD,33.205,ultrasuite/uxssd_core/05M/Post/017A.wav,ultrasuite/uxssd_core/05M/Post/017A.txt,ultrasuite/uxssd_core/05M/Post/017A.param,ultrasuite/output/uxssd/05M/05M-Post-017A.json
05M_Post_w013_023,balanced,05M-Post-018A,05M_CHILD,15.093,ultrasuite/uxssd_core/05M/Post/018A.wav,ultrasuite/uxssd_core/05M/Post/018A.txt,ultrasuite/uxssd_core/05M/Post/018A.param,ultrasuite/output/uxssd/05M/05M-Post-018A.json
05M_Post_w013_023,balanced,05M-Post-019A,05M_CHILD,12.678,ultrasuite/uxssd_core/05M/Post/019A.wav,ultrasuite/uxssd_core/05M/Post/019A.txt,ultrasuite/uxssd_core/05M/Post/019A.param,ultrasuite/output/uxssd/05M/05M-Post-019A.json
05M_Post_w013_023,balanced,05M-Post-020A,05M_CHILD,10.867,ultrasuite/uxssd_core/05M/Post/020A.wav,ultrasuite/uxssd_core/05M/Post/020A.txt,ultrasuite/uxssd_core/05M/Post/020A.param,ultrasuite/output/uxssd/05M/05M-Post-020A.json
05M_Post_w013_023,balanced,05M-Post-021E,05M_CHILD,4.830,ultrasuite/uxssd_core/05M/Post/021E.wav,ultrasuite/uxssd_core/05M/Post/021E.txt,ultrasuite/uxssd_core/05M/Post/021E.param,ultrasuite/output/uxssd/05M/05M-Post-021E.json
05M_Post_w013_023,balanced,05M-Post-022A,05M_CHILD,10.867,ultrasuite/uxssd_core/05M/Post/022A.wav,ultrasuite/uxssd_core/05M/Post/022A.txt,ultrasuite/uxssd_core/05M/Post/022A.param,ultrasuite/output/uxssd/05M/05M-Post-022A.json
05M_Post_w013_023,balanced,05M-Post-023A,05M_CHILD,8.452,ultrasuite/uxssd_core/05M/Post/023A.wav,ultrasuite/uxssd_core/05M/Post/023A.txt,ultrasuite/uxssd_core/05M/Post/023A.param,ultrasuite/output/uxssd/05M/05M-Post-023A.json
06M_Post_w005_012,behavioral_heavy,06M-Post-005A,06M_CHILD,14.489,ultrasuite/uxssd_core/06M/Post/005A.wav,ultrasuite/uxssd_core/06M/Post/005A.txt,ultrasuite/uxssd_core/06M/Post/005A.param,ultrasuite/output/uxssd/06M/06M-Post-005A.json
06M_Post_w005_012,behavioral_heavy,06M-Post-006A,06M_CHILD,12.678,ultrasuite/uxssd_core/06M/Post/006A.wav,ultrasuite/uxssd_core/06M/Post/006A.txt,ultrasuite/uxssd_core/06M/Post/006A.param,ultrasuite/output/uxssd/06M/06M-Post-006A.json
06M_Post_w005_012,behavioral_heavy,06M-Post-007A,06M_CHILD,39.845,ultrasuite/uxssd_core/06M/Post/007A.wav,ultrasuite/uxssd_core/06M/Post/007A.txt,ultrasuite/uxssd_core/06M/Post/007A.param,ultrasuite/output/uxssd/06M/06M-Post-007A.json
06M_Post_w005_012,behavioral_heavy,06M-Post-008A,06M_CHILD,1.811,ultrasuite/uxssd_core/06M/Post/008A.wav,ultrasuite/uxssd_core/06M/Post/008A.txt,ultrasuite/uxssd_core/06M/Post/008A.param,ultrasuite/output/uxssd/06M/06M-Post-008A.json
06M_Post_w005_012,behavioral_heavy,06M-Post-009A,06M_CHILD,28.979,ultrasuite/uxssd_core/06M/Post/009A.wav,ultrasuite/uxssd_core/06M/Post/009A.txt,ultrasuite/uxssd_core/06M/Post/009A.param,ultrasuite/output/uxssd/06M/06M-Post-009A.json
06M_Post_w005_012,behavioral_heavy,06M-Post-010A,06M_CHILD,31.393,ultrasuite/uxssd_core/06M/Post/010A.wav,ultrasuite/uxssd_core/06M/Post/010A.txt,ultrasuite/uxssd_core/06M/Post/010A.param,ultrasuite/output/uxssd/06M/06M-Post-010A.json
06M_Post_w005_012,behavioral_heavy,06M-Post-011A,06M_CHILD,16.300,ultrasuite/uxssd_core/06M/Post/011A.wav,ultrasuite/uxssd_core/06M/Post/011A.txt,ultrasuite/uxssd_core/06M/Post/011A.param,ultrasuite/output/uxssd/06M/06M-Post-011A.json
06M_Post_w005_012,behavioral_heavy,06M-Post-012A,06M_CHILD,14.489,ultrasuite/uxssd_core/06M/Post/012A.wav,ultrasuite/uxssd_core/06M/Post/012A.txt,ultrasuite/uxssd_core/06M/Post/012A.param,ultrasuite/output/uxssd/06M/06M-Post-012A.json
06M_Post_w018_027,behavioral_heavy,06M-Post-018A,06M_CHILD,30.790,ultrasuite/uxssd_core/06M/Post/018A.wav,ultrasuite/uxssd_core/06M/Post/018A.txt,ultrasuite/uxssd_core/06M/Post/018A.param,ultrasuite/output/uxssd/06M/06M-Post-018A.json
06M_Post_w018_027,behavioral_heavy,06M-Post-019A,06M_CHILD,39.845,ultrasuite/uxssd_core/06M/Post/019A.wav,ultrasuite/uxssd_core/06M/Post/019A.txt,ultrasuite/uxssd_core/06M/Post/019A.param,ultrasuite/output/uxssd/06M/06M-Post-019A.json
06M_Post_w018_027,behavioral_heavy,06M-Post-020A,06M_CHILD,16.300,ultrasuite/uxssd_core/06M/Post/020A.wav,ultrasuite/uxssd_core/06M/Post/020A.txt,ultrasuite/uxssd_core/06M/Post/020A.param,ultrasuite/output/uxssd/06M/06M-Post-020A.json
06M_Post_w018_027,behavioral_heavy,06M-Post-021A,06M_CHILD,7.245,ultrasuite/uxssd_core/06M/Post/021A.wav,ultrasuite/uxssd_core/06M/Post/021A.txt,ultrasuite/uxssd_core/06M/Post/021A.param,ultrasuite/output/uxssd/06M/06M-Post-021A.json
06M_Post_w018_027,behavioral_heavy,06M-Post-022E,06M_CHILD,4.830,ultrasuite/uxssd_core/06M/Post/022E.wav,ultrasuite/uxssd_core/06M/Post/022E.txt,ultrasuite/uxssd_core/06M/Post/022E.param,ultrasuite/output/uxssd/06M/06M-Post-022E.json
06M_Post_w018_027,behavioral_heavy,06M-Post-023A,06M_CHILD,9.660,ultrasuite/uxssd_core/06M/Post/023A.wav,ultrasuite/uxssd_core/06M/Post/023A.txt,ultrasuite/uxssd_core/06M/Post/023A.param,ultrasuite/output/uxssd/06M/06M-Post-023A.json
06M_Post_w018_027,behavioral_heavy,06M-Post-024A,06M_CHILD,9.660,ultrasuite/uxssd_core/06M/Post/024A.wav,ultrasuite/uxssd_core/06M/Post/024A.txt,ultrasuite/uxssd_core/06M/Post/024A.param,ultrasuite/output/uxssd/06M/06M-Post-024A.json
06M_Post_w018_027,behavioral_heavy,06M-Post-025A,06M_CHILD,9.056,ultrasuite/uxssd_core/06M/Post/025A.wav,ultrasuite/uxssd_core/06M/Post/025A.txt,ultrasuite/uxssd_core/06M/Post/025A.param,ultrasuite/output/uxssd/06M/06M-Post-025A.json
06M_Post_w018_027,behavioral_heavy,06M-Post-026A,06M_CHILD,9.660,ultrasuite/uxssd_core/06M/Post/026A.wav,ultrasuite/uxssd_core/06M/Post/026A.txt,ultrasuite/uxssd_core/06M/Post/026A.param,ultrasuite/output/uxssd/06M/06M-Post-026A.json
06M_Post_w018_027,behavioral_heavy,06M-Post-027A,06M_CHILD,9.056,ultrasuite/uxssd_core/06M/Post/027A.wav,ultrasuite/uxssd_core/06M/Post/027A.txt,ultrasuite/uxssd_core/06M/Post/027A.param,ultrasuite/output/uxssd/06M/06M-Post-027A.json
06M_Post_w020_036,behavioral_heavy,06M-Post-020A,06M_CHILD,16.300,ultrasuite/uxssd_core/06M/Post/020A.wav,ultrasuite/uxssd_core/06M/Post/020A.txt,ultrasuite/uxssd_core/06M/Post/020A.param,ultrasuite/output/uxssd/06M/06M-Post-020A.json
06M_Post_w020_036,behavioral_heavy,06M-Post-021A,06M_CHILD,7.245,ultrasuite/uxssd_core/06M/Post/021A.wav,ultrasuite/uxssd_core/06M/Post/021A.txt,ultrasuite/uxssd_core/06M/Post/021A.param,ultrasuite/output/uxssd/06M/06M-Post-021A.json
06M_Post_w020_036,behavioral_heavy,06M-Post-022E,06M_CHILD,4.830,ultrasuite/uxssd_core/06M/Post/022E.wav,ultrasuite/uxssd_core/06M/Post/022E.txt,ultrasuite/uxssd_core/06M/Post/022E.param,ultrasuite/output/uxssd/06M/06M-Post-022E.json
06M_Post_w020_036,behavioral_heavy,06M-Post-023A,06M_CHILD,9.660,ultrasuite/uxssd_core/06M/Post/023A.wav,ultrasuite/uxssd_core/06M/Post/023A.txt,ultrasuite/uxssd_core/06M/Post/023A.param,ultrasuite/output/uxssd/06M/06M-Post-023A.json
06M_Post_w020_036,behavioral_heavy,06M-Post-024A,06M_CHILD,9.660,ultrasuite/uxssd_core/06M/Post/024A.wav,ultrasuite/uxssd_core/06M/Post/024A.txt,ultrasuite/uxssd_core/06M/Post/024A.param,ultrasuite/output/uxssd/06M/06M-Post-024A.json
06M_Post_w020_036,behavioral_heavy,06M-Post-025A,06M_CHILD,9.056,ultrasuite/uxssd_core/06M/Post/025A.wav,ultrasuite/uxssd_core/06M/Post/025A.txt,ultrasuite/uxssd_core/06M/Post/025A.param,ultrasuite/output/uxssd/06M/06M-Post-025A.json
06M_Post_w020_036,behavioral_heavy,06M-Post-026A,06M_CHILD,9.660,ultrasuite/uxssd_core/06M/Post/026A.wav,ultrasuite/uxssd_core/06M/Post/026A.txt,ultrasuite/uxssd_core/06M/Post/026A.param,ultrasuite/output/uxssd/06M/06M-Post-026A.json
06M_Post_w020_036,behavioral_heavy,06M-Post-027A,06M_CHILD,9.056,ultrasuite/uxssd_core/06M/Post/027A.wav,ultrasuite/uxssd_core/06M/Post/027A.txt,ultrasuite/uxssd_core/06M/Post/027A.param,ultrasuite/output/uxssd/06M/06M-Post-027A.json
06M_Post_w020_036,behavioral_heavy,06M-Post-028A,06M_CHILD,9.056,ultrasuite/uxssd_core/06M/Post/028A.wav,ultrasuite/uxssd_core/06M/Post/028A.txt,ultrasuite/uxssd_core/06M/Post/028A.param,ultrasuite/output/uxssd/06M/06M-Post-028A.json
06M_Post_w020_036,behavioral_heavy,06M-Post-029A,06M_CHILD,9.056,ultrasuite/uxssd_core/06M/Post/029A.wav,ultrasuite/uxssd_core/06M/Post/029A.txt,ultrasuite/uxssd_core/06M/Post/029A.param,ultrasuite/output/uxssd/06M/06M-Post-029A.json
06M_Post_w020_036,behavioral_heavy,06M-Post-030A,06M_CHILD,8.452,ultrasuite/uxssd_core/06M/Post/030A.wav,ultrasuite/uxssd_core/06M/Post/030A.txt,ultrasuite/uxssd_core/06M/Post/030A.param,ultrasuite/output/uxssd/06M/06M-Post-030A.json
06M_Post_w020_036,behavioral_heavy,06M-Post-031A,06M_CHILD,9.056,ultrasuite/uxssd_core/06M/Post/031A.wav,ultrasuite/uxssd_core/06M/Post/031A.txt,ultrasuite/uxssd_core/06M/Post/031A.param,ultrasuite/output/uxssd/06M/06M-Post-031A.json
06M_Post_w020_036,behavioral_heavy,06M-Post-032A,06M_CHILD,10.263,ultrasuite/uxssd_core/06M/Post/032A.wav,ultrasuite/uxssd_core/06M/Post/032A.txt,ultrasuite/uxssd_core/06M/Post/032A.param,ultrasuite/output/uxssd/06M/06M-Post-032A.json
06M_Post_w020_036,behavioral_heavy,06M-Post-033A,06M_CHILD,9.660,ultrasuite/uxssd_core/06M/Post/033A.wav,ultrasuite/uxssd_core/06M/Post/033A.txt,ultrasuite/uxssd_core/06M/Post/033A.param,ultrasuite/output/uxssd/06M/06M-Post-033A.json
06M_Post_w020_036,behavioral_heavy,06M-Post-034A,06M_CHILD,10.263,ultrasuite/uxssd_core/06M/Post/034A.wav,ultrasuite/uxssd_core/06M/Post/034A.txt,ultrasuite/uxssd_core/06M/Post/034A.param,ultrasuite/output/uxssd/06M/06M-Post-034A.json
06M_Post_w020_036,behavioral_heavy,06M-Post-035A,06M_CHILD,12.678,ultrasuite/uxssd_core/06M/Post/035A.wav,ultrasuite/uxssd_core/06M/Post/035A.txt,ultrasuite/uxssd_core/06M/Post/035A.param,ultrasuite/output/uxssd/06M/06M-Post-035A.json
06M_Post_w020_036,behavioral_heavy,06M-Post-036A,06M_CHILD,9.660,ultrasuite/uxssd_core/06M/Post/036A.wav,ultrasuite/uxssd_core/06M/Post/036A.txt,ultrasuite/uxssd_core/06M/Post/036A.param,ultrasuite/output/uxssd/06M/06M-Post-036A.json
08M_Maint_w002_026,mispronunciation_heavy,08M-Maint-002A,08M_CHILD,6.037,ultrasuite/uxssd_core/08M/Maint/002A.wav,ultrasuite/uxssd_core/08M/Maint/002A.txt,ultrasuite/uxssd_core/08M/Maint/002A.param,ultrasuite/output/uxssd/08M/08M-Maint-002A.json
08M_Maint_w002_026,mispronunciation_heavy,08M-Maint-003A,08M_CHILD,4.830,ultrasuite/uxssd_core/08M/Maint/003A.wav,ultrasuite/uxssd_core/08M/Maint/003A.txt,ultrasuite/uxssd_core/08M/Maint/003A.param,ultrasuite/output/uxssd/08M/08M-Maint-003A.json
08M_Maint_w002_026,mispronunciation_heavy,08M-Maint-004A,08M_CHILD,3.019,ultrasuite/uxssd_core/08M/Maint/004A.wav,ultrasuite/uxssd_core/08M/Maint/004A.txt,ultrasuite/uxssd_core/08M/Maint/004A.param,ultrasuite/output/uxssd/08M/08M-Maint-004A.json
08M_Maint_w002_026,mispronunciation_heavy,08M-Maint-005A,08M_CHILD,6.037,ultrasuite/uxssd_core/08M/Maint/005A.wav,ultrasuite/uxssd_core/08M/Maint/005A.txt,ultrasuite/uxssd_core/08M/Maint/005A.param,ultrasuite/output/uxssd/08M/08M-Maint-005A.json
08M_Maint_w002_026,mispronunciation_heavy,08M-Maint-006A,08M_CHILD,5.433,ultrasuite/uxssd_core/08M/Maint/006A.wav,ultrasuite/uxssd_core/08M/Maint/006A.txt,ultrasuite/uxssd_core/08M/Maint/006A.param,ultrasuite/output/uxssd/08M/08M-Maint-006A.json
08M_Maint_w002_026,mispronunciation_heavy,08M-Maint-007A,08M_CHILD,5.433,ultrasuite/uxssd_core/08M/Maint/007A.wav,ultrasuite/uxssd_core/08M/Maint/007A.txt,ultrasuite/uxssd_core/08M/Maint/007A.param,ultrasuite/output/uxssd/08M/08M-Maint-007A.json
08M_Maint_w002_026,mispronunciation_heavy,08M-Maint-008A,08M_CHILD,6.641,ultrasuite/uxssd_core/08M/Maint/008A.wav,ultrasuite/uxssd_core/08M/Maint/008A.txt,ultrasuite/uxssd_core/08M/Maint/008A.param,ultrasuite/output/uxssd/08M/08M-Maint-008A.json
08M_Maint_w002_026,mispronunciation_heavy,08M-Maint-009A,08M_CHILD,6.037,ultrasuite/uxssd_core/08M/Maint/009A.wav,ultrasuite/uxssd_core/08M/Maint/009A.txt,ultrasuite/uxssd_core/08M/Maint/009A.param,ultrasuite/output/uxssd/08M/08M-Maint-009A.json
08M_Maint_w002_026,mispronunciation_heavy,08M-Maint-010A,08M_CHILD,7.848,ultrasuite/uxssd_core/08M/Maint/010A.wav,ultrasuite/uxssd_core/08M/Maint/010A.txt,ultrasuite/uxssd_core/08M/Maint/010A.param,ultrasuite/output/uxssd/08M/08M-Maint-010A.json
08M_Maint_w002_026,mispronunciation_heavy,08M-Maint-011A,08M_CHILD,4.830,ultrasuite/uxssd_core/08M/Maint/011A.wav,ultrasuite/uxssd_core/08M/Maint/011A.txt,ultrasuite/uxssd_core/08M/Maint/011A.param,ultrasuite/output/uxssd/08M/08M-Maint-011A.json
08M_Maint_w002_026,mispronunciation_heavy,08M-Maint-012A,08M_CHILD,6.037,ultrasuite/uxssd_core/08M/Maint/012A.wav,ultrasuite/uxssd_core/08M/Maint/012A.txt,ultrasuite/uxssd_core/08M/Maint/012A.param,ultrasuite/output/uxssd/08M/08M-Maint-012A.json
08M_Maint_w002_026,mispronunciation_heavy,08M-Maint-013A,08M_CHILD,6.037,ultrasuite/uxssd_core/08M/Maint/013A.wav,ultrasuite/uxssd_core/08M/Maint/013A.txt,ultrasuite/uxssd_core/08M/Maint/013A.param,ultrasuite/output/uxssd/08M/08M-Maint-013A.json
08M_Maint_w002_026,mispronunciation_heavy,08M-Maint-014A,08M_CHILD,4.830,ultrasuite/uxssd_core/08M/Maint/014A.wav,ultrasuite/uxssd_core/08M/Maint/014A.txt,ultrasuite/uxssd_core/08M/Maint/014A.param,ultrasuite/output/uxssd/08M/08M-Maint-014A.json
08M_Maint_w002_026,mispronunciation_heavy,08M-Maint-015A,08M_CHILD,5.433,ultrasuite/uxssd_core/08M/Maint/015A.wav,ultrasuite/uxssd_core/08M/Maint/015A.txt,ultrasuite/uxssd_core/08M/Maint/015A.param,ultrasuite/output/uxssd/08M/08M-Maint-015A.json
08M_Maint_w002_026,mispronunciation_heavy,08M-Maint-016A,08M_CHILD,5.433,ultrasuite/uxssd_core/08M/Maint/016A.wav,ultrasuite/uxssd_core/08M/Maint/016A.txt,ultrasuite/uxssd_core/08M/Maint/016A.param,ultrasuite/output/uxssd/08M/08M-Maint-016A.json
08M_Maint_w002_026,mispronunciation_heavy,08M-Maint-017A,08M_CHILD,1.811,ultrasuite/uxssd_core/08M/Maint/017A.wav,ultrasuite/uxssd_core/08M/Maint/017A.txt,ultrasuite/uxssd_core/08M/Maint/017A.param,ultrasuite/output/uxssd/08M/08M-Maint-017A.json
08M_Maint_w002_026,mispronunciation_heavy,08M-Maint-018A,08M_CHILD,5.433,ultrasuite/uxssd_core/08M/Maint/018A.wav,ultrasuite/uxssd_core/08M/Maint/018A.txt,ultrasuite/uxssd_core/08M/Maint/018A.param,ultrasuite/output/uxssd/08M/08M-Maint-018A.json
08M_Maint_w002_026,mispronunciation_heavy,08M-Maint-019A,08M_CHILD,4.226,ultrasuite/uxssd_core/08M/Maint/019A.wav,ultrasuite/uxssd_core/08M/Maint/019A.txt,ultrasuite/uxssd_core/08M/Maint/019A.param,ultrasuite/output/uxssd/08M/08M-Maint-019A.json
08M_Maint_w002_026,mispronunciation_heavy,08M-Maint-020A,08M_CHILD,4.226,ultrasuite/uxssd_core/08M/Maint/020A.wav,ultrasuite/uxssd_core/08M/Maint/020A.txt,ultrasuite/uxssd_core/08M/Maint/020A.param,ultrasuite/output/uxssd/08M/08M-Maint-020A.json
08M_Maint_w002_026,mispronunciation_heavy,08M-Maint-021A,08M_CHILD,4.830,ultrasuite/uxssd_core/08M/Maint/021A.wav,ultrasuite/uxssd_core/08M/Maint/021A.txt,ultrasuite/uxssd_core/08M/Maint/021A.param,ultrasuite/output/uxssd/08M/08M-Maint-021A.json
08M_Maint_w002_026,mispronunciation_heavy,08M-Maint-022A,08M_CHILD,4.226,ultrasuite/uxssd_core/08M/Maint/022A.wav,ultrasuite/uxssd_core/08M/Maint/022A.txt,ultrasuite/uxssd_core/08M/Maint/022A.param,ultrasuite/output/uxssd/08M/08M-Maint-022A.json
08M_Maint_w002_026,mispronunciation_heavy,08M-Maint-023A,08M_CHILD,3.622,ultrasuite/uxssd_core/08M/Maint/023A.wav,ultrasuite/uxssd_core/08M/Maint/023A.txt,ultrasuite/uxssd_core/08M/Maint/023A.param,ultrasuite/output/uxssd/08M/08M-Maint-023A.json
08M_Maint_w002_026,mispronunciation_heavy,08M-Maint-024A,08M_CHILD,4.830,ultrasuite/uxssd_core/08M/Maint/024A.wav,ultrasuite/uxssd_core/08M/Maint/024A.txt,ultrasuite/uxssd_core/08M/Maint/024A.param,ultrasuite/output/uxssd/08M/08M-Maint-024A.json
08M_Maint_w002_026,mispronunciation_heavy,08M-Maint-025A,08M_CHILD,5.433,ultrasuite/uxssd_core/08M/Maint/025A.wav,ultrasuite/uxssd_core/08M/Maint/025A.txt,ultrasuite/uxssd_core/08M/Maint/025A.param,ultrasuite/output/uxssd/08M/08M-Maint-025A.json
08M_Maint_w002_026,mispronunciation_heavy,08M-Maint-026A,08M_CHILD,4.226,ultrasuite/uxssd_core/08M/Maint/026A.wav,ultrasuite/uxssd_core/08M/Maint/026A.txt,ultrasuite/uxssd_core/08M/Maint/026A.param,ultrasuite/output/uxssd/08M/08M-Maint-026A.json
08M_Maint_w010_039,balanced,08M-Maint-010A,08M_CHILD,7.848,ultrasuite/uxssd_core/08M/Maint/010A.wav,ultrasuite/uxssd_core/08M/Maint/010A.txt,ultrasuite/uxssd_core/08M/Maint/010A.param,ultrasuite/output/uxssd/08M/08M-Maint-010A.json
08M_Maint_w010_039,balanced,08M-Maint-011A,08M_CHILD,4.830,ultrasuite/uxssd_core/08M/Maint/011A.wav,ultrasuite/uxssd_core/08M/Maint/011A.txt,ultrasuite/uxssd_core/08M/Maint/011A.param,ultrasuite/output/uxssd/08M/08M-Maint-011A.json
08M_Maint_w010_039,balanced,08M-Maint-012A,08M_CHILD,6.037,ultrasuite/uxssd_core/08M/Maint/012A.wav,ultrasuite/uxssd_core/08M/Maint/012A.txt,ultrasuite/uxssd_core/08M/Maint/012A.param,ultrasuite/output/uxssd/08M/08M-Maint-012A.json
08M_Maint_w010_039,balanced,08M-Maint-013A,08M_CHILD,6.037,ultrasuite/uxssd_core/08M/Maint/013A.wav,ultrasuite/uxssd_core/08M/Maint/013A.txt,ultrasuite/uxssd_core/08M/Maint/013A.param,ultrasuite/output/uxssd/08M/08M-Maint-013A.json
08M_Maint_w010_039,balanced,08M-Maint-014A,08M_CHILD,4.830,ultrasuite/uxssd_core/08M/Maint/014A.wav,ultrasuite/uxssd_core/08M/Maint/014A.txt,ultrasuite/uxssd_core/08M/Maint/014A.param,ultrasuite/output/uxssd/08M/08M-Maint-014A.json
08M_Maint_w010_039,balanced,08M-Maint-015A,08M_CHILD,5.433,ultrasuite/uxssd_core/08M/Maint/015A.wav,ultrasuite/uxssd_core/08M/Maint/015A.txt,ultrasuite/uxssd_core/08M/Maint/015A.param,ultrasuite/output/uxssd/08M/08M-Maint-015A.json
08M_Maint_w010_039,balanced,08M-Maint-016A,08M_CHILD,5.433,ultrasuite/uxssd_core/08M/Maint/016A.wav,ultrasuite/uxssd_core/08M/Maint/016A.txt,ultrasuite/uxssd_core/08M/Maint/016A.param,ultrasuite/output/uxssd/08M/08M-Maint-016A.json
08M_Maint_w010_039,balanced,08M-Maint-017A,08M_CHILD,1.811,ultrasuite/uxssd_core/08M/Maint/017A.wav,ultrasuite/uxssd_core/08M/Maint/017A.txt,ultrasuite/uxssd_core/08M/Maint/017A.param,ultrasuite/output/uxssd/08M/08M-Maint-017A.json
08M_Maint_w010_039,balanced,08M-Maint-018A,08M_CHILD,5.433,ultrasuite/uxssd_core/08M/Maint/018A.wav,ultrasuite/uxssd_core/08M/Maint/018A.txt,ultrasuite/uxssd_core/08M/Maint/018A.param,ultrasuite/output/uxssd/08M/08M-Maint-018A.json
08M_Maint_w010_039,balanced,08M-Maint-019A,08M_CHILD,4.226,ultrasuite/uxssd_core/08M/Maint/019A.wav,ultrasuite/uxssd_core/08M/Maint/019A.txt,ultrasuite/uxssd_core/08M/Maint/019A.param,ultrasuite/output/uxssd/08M/08M-Maint-019A.json
08M_Maint_w010_039,balanced,08M-Maint-020A,08M_CHILD,4.226,ultrasuite/uxssd_core/08M/Maint/020A.wav,ultrasuite/uxssd_core/08M/Maint/020A.txt,ultrasuite/uxssd_core/08M/Maint/020A.param,ultrasuite/output/uxssd/08M/08M-Maint-020A.json
08M_Maint_w010_039,balanced,08M-Maint-021A,08M_CHILD,4.830,ultrasuite/uxssd_core/08M/Maint/021A.wav,ultrasuite/uxssd_core/08M/Maint/021A.txt,ultrasuite/uxssd_core/08M/Maint/021A.param,ultrasuite/output/uxssd/08M/08M-Maint-021A.json
08M_Maint_w010_039,balanced,08M-Maint-022A,08M_CHILD,4.226,ultrasuite/uxssd_core/08M/Maint/022A.wav,ultrasuite/uxssd_core/08M/Maint/022A.txt,ultrasuite/uxssd_core/08M/Maint/022A.param,ultrasuite/output/uxssd/08M/08M-Maint-022A.json
08M_Maint_w010_039,balanced,08M-Maint-023A,08M_CHILD,3.622,ultrasuite/uxssd_core/08M/Maint/023A.wav,ultrasuite/uxssd_core/08M/Maint/023A.txt,ultrasuite/uxssd_core/08M/Maint/023A.param,ultrasuite/output/uxssd/08M/08M-Maint-023A.json
08M_Maint_w010_039,balanced,08M-Maint-024A,08M_CHILD,4.830,ultrasuite/uxssd_core/08M/Maint/024A.wav,ultrasuite/uxssd_core/08M/Maint/024A.txt,ultrasuite/uxssd_core/08M/Maint/024A.param,ultrasuite/output/uxssd/08M/08M-Maint-024A.json
08M_Maint_w010_039,balanced,08M-Maint-025A,08M_CHILD,5.433,ultrasuite/uxssd_core/08M/Maint/025A.wav,ultrasuite/uxssd_core/08M/Maint/025A.txt,ultrasuite/uxssd_core/08M/Maint/025A.param,ultrasuite/output/uxssd/08M/08M-Maint-025A.json
08M_Maint_w010_039,balanced,08M-Maint-026A,08M_CHILD,4.226,ultrasuite/uxssd_core/08M/Maint/026A.wav,ultrasuite/uxssd_core/08M/Maint/026A.txt,ultrasuite/uxssd_core/08M/Maint/026A.param,ultrasuite/output/uxssd/08M/08M-Maint-026A.json
08M_Maint_w010_039,balanced,08M-Maint-027A,08M_CHILD,5.433,ultrasuite/uxssd_core/08M/Maint/027A.wav,ultrasuite/uxssd_core/08M/Maint/027A.txt,ultrasuite/uxssd_core/08M/Maint/027A.param,ultrasuite/output/uxssd/08M/08M-Maint-027A.json
08M_Maint_w010_039,balanced,08M-Maint-028A,08M_CHILD,4.226,ultrasuite/uxssd_core/08M/Maint/028A.wav,ultrasuite/uxssd_core/08M/Maint/028A.txt,ultrasuite/uxssd_core/08M/Maint/028A.param,ultrasuite/output/uxssd/08M/08M-Maint-028A.json
08M_Maint_w010_039,balanced,08M-Maint-029A,08M_CHILD,4.226,ultrasuite/uxssd_core/08M/Maint/029A.wav,ultrasuite/uxssd_core/08M/Maint/029A.txt,ultrasuite/uxssd_core/08M/Maint/029A.param,ultrasuite/output/uxssd/08M/08M-Maint-029A.json
08M_Maint_w010_039,balanced,08M-Maint-030C,08M_CHILD,4.830,ultrasuite/uxssd_core/08M/Maint/030C.wav,ultrasuite/uxssd_core/08M/Maint/030C.txt,ultrasuite/uxssd_core/08M/Maint/030C.param,ultrasuite/output/uxssd/08M/08M-Maint-030C.json
08M_Maint_w010_039,balanced,08M-Maint-031C,08M_CHILD,4.226,ultrasuite/uxssd_core/08M/Maint/031C.wav,ultrasuite/uxssd_core/08M/Maint/031C.txt,ultrasuite/uxssd_core/08M/Maint/031C.param,ultrasuite/output/uxssd/08M/08M-Maint-031C.json
08M_Maint_w010_039,balanced,08M-Maint-032C,08M_CHILD,4.226,ultrasuite/uxssd_core/08M/Maint/032C.wav,ultrasuite/uxssd_core/08M/Maint/032C.txt,ultrasuite/uxssd_core/08M/Maint/032C.param,ultrasuite/output/uxssd/08M/08M-Maint-032C.json
08M_Maint_w010_039,balanced,08M-Maint-033C,08M_CHILD,5.433,ultrasuite/uxssd_core/08M/Maint/033C.wav,ultrasuite/uxssd_core/08M/Maint/033C.txt,ultrasuite/uxssd_core/08M/Maint/033C.param,ultrasuite/output/uxssd/08M/08M-Maint-033C.json
08M_Maint_w010_039,balanced,08M-Maint-034C,08M_CHILD,4.830,ultrasuite/uxssd_core/08M/Maint/034C.wav,ultrasuite/uxssd_core/08M/Maint/034C.txt,ultrasuite/uxssd_core/08M/Maint/034C.param,ultrasuite/output/uxssd/08M/08M-Maint-034C.json
08M_Maint_w010_039,balanced,08M-Maint-035C,08M_CHILD,6.037,ultrasuite/uxssd_core/08M/Maint/035C.wav,ultrasuite/uxssd_core/08M/Maint/035C.txt,ultrasuite/uxssd_core/08M/Maint/035C.param,ultrasuite/output/uxssd/08M/08M-Maint-035C.json
08M_Maint_w010_039,balanced,08M-Maint-036A,08M_CHILD,4.830,ultrasuite/uxssd_core/08M/Maint/036A.wav,ultrasuite/uxssd_core/08M/Maint/036A.txt,ultrasuite/uxssd_core/08M/Maint/036A.param,ultrasuite/output/uxssd/08M/08M-Maint-036A.json
08M_Maint_w010_039,balanced,08M-Maint-037A,08M_CHILD,4.830,ultrasuite/uxssd_core/08M/Maint/037A.wav,ultrasuite/uxssd_core/08M/Maint/037A.txt,ultrasuite/uxssd_core/08M/Maint/037A.param,ultrasuite/output/uxssd/08M/08M-Maint-037A.json
08M_Maint_w010_039,balanced,08M-Maint-038A,08M_CHILD,5.433,ultrasuite/uxssd_core/08M/Maint/038A.wav,ultrasuite/uxssd_core/08M/Maint/038A.txt,ultrasuite/uxssd_core/08M/Maint/038A.param,ultrasuite/output/uxssd/08M/08M-Maint-038A.json
08M_Maint_w010_039,balanced,08M-Maint-039A,08M_CHILD,5.433,ultrasuite/uxssd_core/08M/Maint/039A.wav,ultrasuite/uxssd_core/08M/Maint/039A.txt,ultrasuite/uxssd_core/08M/Maint/039A.param,ultrasuite/output/uxssd/08M/08M-Maint-039A.json
